x_0,x_1,x_2,x_3,x_4,x_5,x_6,x_7,x_8,x_9,x_10,x_11,x_12,x_13,x_14,x_15
0.5378893122284247,-1.7941253172326412,0.7540106567440555,0.2880085210875205,-1.3025714583168957,0.39529629081659345,-0.8206577107807422,-0.7307631567785419,-0.4706521463684347,0.7282133608208056,-0.44176264716999764,-1.7860865150792486,-0.15977699645246624,-0.43039710958653266,-1.4927585228881204,-0.17948371957339282
0.17472390258724357,-0.6028751827159569,0.3074568749728721,2.0582866224551095,-0.860855490725693,-0.9797267900959348,-1.2725489315886696,0.01790760964224964,0.656086177867684,0.5392830122364847,0.2170674780986316,-0.7639462763912865,0.47891104730414663,0.4235903581117419,0.5481530321627663,-0.05470434913505216
0.5406509627257454,0.04022396601789819,-1.5953406848767226,1.6553344954297595,-0.49926859781438665,0.2168837117961332,-2.9820864836962815,0.25091273368998646,0.4218208682991934,1.8918998893458625,-2.1382687700715617,0.23586039858779012,0.006908931731929309,-0.28169536155708064,-0.045986394796443855,1.0902795438144655
-0.05200240126435251,0.5776155194937962,0.6852722224920034,-0.27683278556963387,0.6568390160494333,0.856085830366872,-2.2369206218801265,-0.636812076365418,-0.2711353866590179,-0.4943568355881907,-1.063354833360284,-0.2106841493811618,-0.3112005250031927,0.21200673682221172,-0.8691426949415113,-1.108000629884198
1.5261342948008658,-0.218505202676614,0.17240466970368892,0.2493652478586125,-0.9479716978642203,-1.3059850365179362,1.3596451688886182,-1.4189887906593337,1.9134702174817761,-0.5247536863396168,-0.9148647581103688,-0.930795463056525,-0.5246019056138976,-0.10838136767239782,0.77213577739125,-0.9471784438211399
0.7215942558520188,1.4089594875037974,-0.5538390913293902,-0.4250512613907034,0.24361320996161842,-0.2548334795922386,-0.6037113517071873,0.5955269621639702,0.6748802869477347,1.888806911133523,0.36368328008765105,0.9467111668359801,0.3384918572995141,0.37356641298661986,-1.1929730719216052,0.12584702069374626
1.2990977270774517,1.1507304717232272,-0.30471885356895373,0.5735735012613726,-0.6069154010802117,-0.42529452228251574,0.9601474562930823,-0.8765836473409773,0.1775098867268493,0.2999573277508592,0.38707223191634127,1.9896121208648043,-0.5760916779087129,0.9007865005403949,-1.9640283323539316,1.5899971892429805
0.20722812732317214,-0.33357037968184805,1.2100610342297387,-2.803502510152204,-0.12712169828875777,1.5382323270134255,-0.6505864704408347,0.349249421540187,-0.4321689626320015,0.37920450281367823,-0.2787365768172887,0.5397351471697271,2.1427638321295563,-1.112288495936938,-0.3471488924147393,-1.134647994014672
0.34588886244199957,-0.11270557633318008,0.8068176120503762,-0.7129785458166679,1.6753814137634448,-0.5262905230155582,-0.8102159852604914,-0.5766129204919263,0.7363049428087793,-0.5840485428284177,1.034240339888371,-2.3679570022312415,0.5798856765404268,0.41686988179808626,0.004975069611763794,0.884742988297195
0.5220345628841975,2.325926684849472,-0.86879217897038,-1.1845854120141799,-0.20912498324972695,0.11523259293849897,-1.0788082994902954,-1.0891445415853007,0.8875312551728167,0.05022719749656595,-0.5309073139580546,0.8588980911737044,-0.28889525498465873,-0.6480256467153722,-0.2171979974493771,1.3764729610567197
1.4017633727265495,1.6603804071085744,-0.02614675954639201,1.5927316003307277,1.0098225737076747,-0.5984177261044138,-0.5574388658962468,0.8740291341468218,-1.4078443076354616,-0.9135791469432568,0.41069204579756446,-1.6029804579441291,-0.033314853819992545,-1.028946891049422,1.7168702038090626,0.976693900990576
-0.1442651496304906,0.6110836750011234,1.0040051704448985,-0.08844123286087928,0.30387814359154264,-1.56745734989877,-0.2614381126055664,0.3288931723444487,-0.7665545909807071,0.8310317214865284,-0.5187095893787167,-0.3095385411365174,-0.5697081566104428,0.42035198982169314,-0.25710092516348243,-0.19262720776897618
0.3134784606476498,-0.032688673192210096,0.2451706063946127,-0.3888413142395426,-0.8282669073957492,0.21914368730015857,0.35626268257254107,1.0693617499566397,2.1655153093965946,1.1807428650781155,0.4422870285343272,1.2924863721880273,-0.9863437295183567,0.6026179753746533,-0.38413522170327713,0.2075234692998743
0.6402349640684598,-0.19626639139305882,-0.5384734166509964,-0.32708386824655333,-1.1321170256365944,-1.115577044319453,1.8706651899458115,0.3896135732798446,1.5997296391117148,-0.6205463036264338,-0.09906781770184903,-0.12784373449415393,-0.6394566616374595,0.749928914160062,-0.6630013094236773,-0.7506055082128772
-1.3439870001540397,-1.0562047779089234,1.067260138867017,-1.9512647088333201,-0.064197597935745,-0.058846759503621004,2.719489630954775,-0.2637015795734255,-1.6126931397574,0.33311019948032067,0.6303425881621358,-1.0092709117922014,0.1806381557213544,-1.340736110739612,1.5755944001123923,0.024760178432191204
0.5758778764808571,1.8745361963779417,0.43224550457190797,-0.7561325446998647,-0.05243376688432916,0.4804049815206276,0.38054812463377297,0.1964159034191722,-0.49350180924474446,-0.3039608545272714,-0.3811568432774251,2.7114286162069803,-0.7022238288698422,-1.3652846929202413,0.034526510889118685,-0.9941282472826395
-2.2472216123568813,-0.8082326695284213,-1.4446405177391295,-1.3577317127001436,1.6159297933081525,-0.717673124400594,2.4769524268744467,-1.3640466753774718,1.827569554280207,0.025776090323380005,1.1751370156476795,-1.2599688138637566,0.32662156729991554,-0.8643291207079813,1.4914973744533875,-0.3245948003157092
-0.4412166915027242,-1.318162222356288,-0.541760370035997,1.478817414278096,0.39823079805694483,1.1136175620762456,-0.4858643913339703,-0.34819901273089615,-0.1167512386398004,0.4620239149156954,-0.21714048395965913,0.21585691825932993,0.9887990607982492,1.6063491633529454,0.7809561184582571,0.5118712042106615
0.028680210642283203,0.17500240126239833,-0.8994399666156576,-0.0543897380457776,0.8187294606887722,-1.0525056483568533,0.5085092254488778,0.155978489075024,-1.1314038538424145,0.30708436337674283,1.0838680630606805,0.11876689523859088,1.306313632129419,-0.7328181741109528,-0.288807962034762,1.5574169512670926
1.4091214770135978,-1.5326985452793354,-0.6677781614090644,-0.2876168221828735,0.42634043160801594,-0.5460586430240433,0.3900716411764823,-1.5051158701068785,0.6549691878166491,0.2963692192385509,0.6111098351107284,1.243680880412668,0.47741413185702625,1.0438122770974245,-0.2912187199636278,-0.9269765425109744
0.4085626724982827,-0.13972355369294637,-0.34521351044200005,-0.28947866236039344,0.7485431154515291,2.8828876864492097,2.2367042913430546,-0.2873947020560493,-0.3429607214029143,-0.4944997315095047,0.22620791810206506,-1.0615427153390846,0.35677288007704316,1.0971070657677353,2.504267875930327,0.9045481111710656
0.9382534803793574,1.178664872149228,1.0170969092474813,0.23785544713761564,1.6430588880893289,1.4647034985143408,1.2952699913860832,-1.4200541602164967,0.690223764159543,-1.5863822396813039,-0.5180019221097242,0.044157720783605026,-0.8333932131733006,0.3245967421400435,0.4703160283295006,0.08828284272428812
0.39002658535141055,1.2878458931521535,-0.3378171612503679,1.4962707100268384,-1.8250386187514203,-0.7447764030140946,-0.617343996030727,-1.3202871238350264,-1.5488426787205716,-0.518771271314586,-1.03793363877678,0.1623939102364516,-0.1950593780582827,1.688028787379932,-0.8294216493434757,0.0854710529688534
1.2752901464246706,0.6049785101750614,0.4586641993687028,0.20116828766159187,1.0665951432766843,0.23709553393423713,-0.8856373483690674,0.14959118203553576,0.3115415300347006,-0.8191567862615999,0.35169830663033463,0.9079267399065748,-2.1465030719970852,-1.9580097492972017,0.021299122219088966,-0.12132300286156002
0.2524656653636107,-0.04428442082306089,-1.4403827734268135,0.484522363350851,0.028512939021400528,-0.4771028630107269,-1.4026009054628783,2.4856327557129227,0.7008220952719093,0.08585240188112356,0.6189006797173688,-2.0993121711091787,1.4684052601421855,-0.49465596088601116,0.5400080993363497,1.0297526884963006
-0.07875039521661649,-0.865508978485181,-1.608245300350268,-0.777799410302386,0.2613536884053879,-1.2159740948820699,-1.2074318323122133,-0.38530716166662876,0.6332402844234981,0.15603164899533303,-1.6310357203313068,-1.0681513951574109,0.3962715331898205,0.7800679106000575,-0.13538716203702442,-0.09863514525900739
-0.8596942043666927,-0.49660824663441555,1.615885254833558,-0.4450259769430505,-0.28592518371984105,-1.3710041053860684,0.25463424318137984,-0.17483134636181677,-1.0833264388248596,-0.08900204553490328,2.0989611833205535,0.5438500180658026,-0.38979710953291313,-0.35146038097315946,0.6642219491373755,0.3488147831760525
-2.229771486041139,-0.19397170694052004,-0.4597364752403664,-0.23596173743897741,1.068668537266944,-0.7870861071007041,0.38755133275908676,1.4752193259251498,-1.1731456997528236,-0.36781570945874814,1.145307278162205,-0.9548093691667978,0.008972629816597733,-0.012694637409315673,0.3895928396508717,1.3957912390053593
-0.5752998081798864,0.4582254579186353,-0.5631711569384004,1.446102175916172,1.1531121143123821,-0.15022287998829814,1.169454608497978,0.02351931414487652,0.4397660099963653,-0.2338747578672131,-1.4597745215906035,-0.8855906021843333,-1.8175775317683567,1.122374326702365,2.1946660286421347,0.38196539954811054
1.1988017468663417,-1.3456304687447864,-0.478635480237634,0.42316151447040984,0.4063344607723747,-0.7456243736281928,-0.28582470905605745,-0.4829993382149333,-0.7624865877833922,-0.9851782990873853,0.1280108919892642,-1.1327622396646193,-0.03400646716054574,1.3884282041485174,-0.11834068509533378,-0.89939478308952
-0.7775516659358704,-0.4868855146614423,-0.29507152590115693,-0.5662621315919548,-0.2520033979494279,-0.6808025142131657,-0.470627371503648,0.3462356008770566,0.5133904075443362,-0.9885611911277049,-0.026247276793778748,1.28873423750309,1.198251168152732,0.2578853033360155,0.5653221796220319,-0.410043977007101
0.0019704392581562868,0.4932424937758967,0.3943186541480823,0.11920251178041369,0.0971342909556975,-0.5990504073945183,-1.1644881314287456,1.3374564249427159,-0.5140606014227028,1.816319078242391,-0.1755811534867467,-0.9339828278916951,0.3936853767669967,-0.36946353639138985,0.10955476542444142,-0.36461146475901085
-0.9998890105743033,0.10561273692973482,-0.07465702978719253,0.7270231819555448,-2.274393402110773,-0.7351537206110169,0.9720450022539744,1.3573597917877718,-1.9169392887144885,0.668323334337021,-2.116836121993658,-1.295963740571537,1.1853369395470994,0.8325529411052726,-0.10881116584186622,-1.0900426557005962
0.9305711844509507,0.48775683932401104,0.5466421127972578,-0.0732212974459151,-0.8561833177217806,-0.7016346828427706,-0.45072670366625467,-1.385826748080301,-0.9409224798590102,0.8590910608433905,-1.4093763045056604,1.9809361758871389,1.2995176273139126,-0.6894112232693069,-1.4528925044073915,0.08367498230878133
-0.9973953637036471,2.567514271765303,0.31243068181135214,0.01366116020817144,1.1818764198863887,-0.268692381021624,-0.5464368576727332,-0.32877774495086204,-1.0744173393600482,-0.6746760745323906,1.4599536803042352,-0.6961486931253328,0.31649268524351215,-1.6727193895352974,0.4639479012568416,0.02062709893209679
-0.23843892873346,-1.1361253993055336,0.26602011620467103,-0.24626921522277728,-0.40563146776189113,-0.8627093106410811,0.15694451572644613,1.9086507795056387,0.41403859751667693,0.4295913065660601,0.7217347136184952,-0.34940360945046484,1.1667048500948582,0.3478960316907069,1.1963418621578348,0.8230620248555731
0.3512992901434563,0.46570892809311837,-0.46777030342435216,0.935479721901976,0.5466528631105823,0.23946942018594428,2.7692338167891233,0.9001037162613994,0.17224085156122562,-0.45884557322785013,0.573517488436564,1.5186364383613442,-1.035666428511837,0.734360223211405,0.72597479827793,-0.5068351522824547
0.18978378974477902,-0.6305893471619148,-0.5492440301952756,0.5950704688171689,0.8338054539804622,-0.15363749252158118,-0.0940744863070315,0.19307779953050258,0.5693185687007492,-0.11753126169630347,0.9575910368284011,0.6273878100968296,1.4982129749402817,0.7843688698155337,-0.17143692059354285,-0.7345461850091303
-1.38510120934083,-0.6550054550445732,0.33139455127600576,0.08225465694166911,-0.28141021916982845,0.8925172686491981,-1.0007679069527298,-0.506528356668787,0.26584314537442577,-1.2788899220908243,-0.5372056525935647,0.13779851993435255,0.4146830922668129,0.30065402133469843,0.6489129711533876,-1.715987284514856
-0.3209772647784837,1.8623938226097005,1.0725557510488333,0.2675419840054703,1.1940630864701918,-0.2738591585693443,-1.6990949108950484,0.3783081917805638,-1.2005240585049881,1.466158457832682,0.5178107924325627,1.1358777246111347,-1.9032106201667718,0.39104878152643124,-2.7738865826269916,0.286900299838474
-0.1235045154798007,-0.27572949772208905,-1.0852663793824686,-0.11638505779935647,1.0661424433711462,0.5971222649071511,0.7019584919343127,-1.8055459127778446,-0.6555954172994297,0.8529709349952185,0.5391274154194337,0.48875210286330745,1.2662717025447938,-1.2341301545620689,-0.0029391086278130565,1.5070323106185188
-2.7022247344210797,0.4553961788180168,-0.2305589981862798,-0.857481236053369,0.332716431970069,2.021897500656907,-1.2188624556710979,-1.1811126187503915,2.18865060946757,0.9802585503197571,-0.5986538072784449,-0.7728339617434671,-1.0873895193026673,-1.0360103261448839,-2.0148497076849017,-0.37816914396615103
1.1807106031361008,-0.5775082997958388,0.21456917051785596,-0.3375582897606672,-1.2812919324365717,-2.0606851367424586,-0.5835722652943554,0.6224855360331646,0.1176045862668008,-0.803579265180483,1.0060898136653231,1.6013015301150986,0.350776281356354,-0.07078043668095976,-0.29564114153651444,-2.026352852230166
-1.1738981071662866,-0.17817813823411363,0.8790344795425136,0.4724789946862883,0.17448118971126136,-0.31040279753744354,1.0191366783532947,2.166400779767697,1.6893756519790684,0.12701628785139374,0.2104706702253135,0.3574409846514039,-0.13097108804941449,0.765832955929776,1.2889377683699144,0.20730707281670657
0.9863420418953048,2.461300181167375,-0.3362999594337954,1.2142037501524494,1.0570844595144455,-0.381462481212723,-0.5449664276460217,0.681824066300844,-1.4847406251917512,2.0868583894863226,-0.4961872910434564,-1.0572866646036985,-0.8598539334501073,0.5060719037735887,-0.5210586668978988,-0.20318909058980347
0.4367078445771022,0.21418622441496832,-0.41835836543935834,0.5173583050269359,-0.16509625168941833,1.2877160595663175,-0.7820991465158585,-1.8107965896283675,-0.7183011855980006,0.6193321571157959,0.7448410641865522,-0.12867619913192838,-0.41831603111312304,1.9606868582887658,0.563575728636485,-0.7002887074777294
0.01366143674857312,-0.009480808833995352,0.7807045826462443,-0.6578533814880567,-0.8622679191221343,-2.642000005162291,0.36972117718567354,-1.4999530871740339,0.8404877495706603,0.5547396511558292,-0.37820342393212386,-0.33135106545741333,-1.3051481290494853,-0.49074098168862557,-1.4902192819743838,0.09507164377887738
-0.6858108608896003,0.9285436989035681,-1.299669500132841,-1.9031067040127072,2.0238748329645864,0.28357736139836315,1.171061040335509,-1.1114975244263698,-0.34269015830731886,0.04344477657174447,-1.2071702706614986,0.32899082229010157,-1.6778703577331417,1.0945239752757678,-0.4129635797484476,0.26424590424868405
-0.6759299693903632,-0.2878559846046996,1.566817067062256,1.5622568361630682,-0.8096536866929395,-1.1810851468850667,-0.4496257795754313,-0.8474929776882321,0.019854653711364034,-0.5066798190433596,-2.580275818353341,-0.1617429091107765,0.6259778991997065,0.4870329406707297,0.40150945578288233,-0.6623065851087224
-1.189287371965127,-0.5019084193743268,-0.4827333793455879,1.1617873289871907,-1.0186037705768307,0.8676994124069362,-0.5024486510535825,1.0244929213113037,-1.5998068909944705,0.16952144312535855,-0.6445754575033127,-0.3912337571397283,-0.02020570925587036,-0.3960451088302043,-0.607252082932001,0.5121446941467375
-1.1692983294765331,0.6076981451018026,-0.40955359579720907,0.5091369531543867,1.3156694903408415,0.6905861093453382,-1.872464868235263,-0.093115703289938,-0.20069242653748004,0.6431628395808207,0.8493400494333224,0.34053831471483403,0.27205700826204265,-0.24285237386458142,0.6275251029278299,0.2957103032598182
0.11140945157793078,0.7197826527355008,-0.30369475254796785,0.6785603079102075,-1.191839042041387,0.3879243486907809,-2.524912590570766,-0.14622499295543265,-0.3809436033220747,-0.6450428666990967,0.8419277017320427,0.367376187130702,-0.498927442132429,-0.2545148567847967,0.02123945959672871,-1.7218045545427842
1.6351106861127285,0.45165185720444445,-0.6987967899331285,0.5024442732228683,-0.18389939337560354,-3.230131192488194,-0.7686854498549751,-1.7520605060131282,3.1611395983909363,-0.4023839544630192,-0.739939825829817,-0.095471315507718,0.6442754415275478,0.5046156393681125,-1.23722528618014,-0.9571530105491762
-1.1519641239128868,-0.5889489544673382,-0.977121196965873,0.8046772435757585,-0.6295612477344633,-0.7787838066466275,0.1627122927385083,0.2584345909634964,0.55915431407247,1.501813799319928,0.7000694846310602,-1.7608028883472038,0.6641127842357994,0.3262903155048261,1.4013941487439667,-1.518097960153964
0.7543121623968662,1.4178205719449584,1.4032852131680185,-0.9912617987678274,-0.19861878052500245,-0.51618858152443,-1.2716551922307902,-0.9584023665393168,0.5607992470690653,1.7966694231984455,-0.10164970090017067,0.3730469489782485,-0.6768276968886588,1.2926020585670368,0.9154885290350321,1.759153338301549
0.49075621828434146,1.342758413424385,-0.718077367027167,-0.5309199094199677,-0.41402596126122426,-0.1968528814272908,-0.5254335546439476,1.2174625912783705,-1.2580593392496855,-0.664269086595345,0.5983889451261275,-0.2622024472823159,-0.7081903666375257,0.15895828069901669,0.10979177724891416,-0.2086614213905675
0.8416907945743912,-1.6612471943393803,-0.22121924173929963,0.1592688666420446,0.5843380367502405,-0.10871098949616187,1.181637033980254,0.9451966369124153,-0.4352617066987012,0.1494204744173979,1.3710027112499847,0.7210826872476697,1.470069787561081,1.5326442214540585,0.6584637446161279,-0.9413695890526624
0.3167684783382657,-0.7152052769084537,0.744632282230537,-1.8158537813375604,2.144323995411196,0.4799836426568813,0.26913455141613646,-0.4392920865176108,0.19566193621989295,-1.4665138021636566,1.0472094004248398,2.0588101842012456,0.0783909448322351,-0.40459285212180257,0.26045610348135034,-0.12340099393691722
0.5017118922604967,0.9241764984046504,0.5795516463331866,0.44681089638470023,0.5594507242560324,0.16223977475255397,0.6194419224728913,-0.34249683104018797,-0.40435354899154413,-1.053745123870566,-0.2338937192192746,-0.2321764274221718,0.5808427425914441,-1.8485390185317505,-0.40072696266551455,0.5096604799094615
1.1953434151135498,0.26207663291228545,-0.04752588916599524,-1.9514732489573505,-1.037934194272772,-1.6249632178239646,-0.075218784361621,0.776997608976912,-0.6385046123641496,0.15676716591847858,1.181918964477761,0.3720067688774139,-2.044215805490961,-0.18500548270180486,0.6997921251881415,0.7751699301845043
0.11069814094881608,0.05273092430732806,1.7274850701472781,-1.186886127660775,0.02487514371888559,-0.1326816193850944,-0.05842157002820135,0.18638564401942395,1.1414110589358877,0.9484809802276082,-0.27456043756930676,-0.7471335878319905,0.08230535128946753,2.288692929797141,0.1892190302718924,1.3158556594153592
-0.05609821311792923,-0.2854118022203517,-1.3564183390952484,-3.024131690566157,-0.5656705546425076,-0.6573364353335766,-0.11943834118279084,-0.6743448347483528,-1.1863646935096988,-0.705381247836202,1.493113573393392,-0.028885372831551924,0.5848284797903748,0.5037342150486038,-0.09647139983476967,-0.058225858611005356
-2.1273344027484216,-0.34162152974899235,-0.3346368328517797,-0.18901267781114084,-0.028151749436071145,0.11935084978579451,0.7333365270473451,1.009942553853588,-0.4828786003923048,-1.7426738448089545,0.2112691648941552,1.4974557362365204,0.9165920322411696,0.4277236642202782,-2.758801492368473,-0.4803292937089254
-0.08039380632798955,0.05394229720444459,0.5679304766128743,-1.5241907015979996,-0.6326402574631207,-0.3919722820751911,-0.2917389894506471,-0.4657558090903033,-1.2832367813966155,0.5032301682030942,0.15027957226265912,0.8308003581656666,-0.8323252496551736,-0.07604257503745838,-1.033842598426786,-1.0039364512434716
-0.6635610253473406,-0.4422044434560114,-0.4504382246102172,0.005861183356301356,-0.33463500574869504,-0.6544698748627371,-0.24824068837567945,-1.7541998402673755,0.6778998905770851,-2.0065778522111497,-1.0464153257952615,1.5375834078636008,-0.8433808078762421,2.3052702348552465,1.1147850707960265,-0.8828301255143304
1.3435772948521136,1.4847242689612346,-1.630356152228519,0.5273327756019169,-0.006192195411790293,0.5119581434346065,-1.7052572396956724,-0.4820843831571895,1.5171013415574646,-0.664162803679135,0.3285496632476047,-0.1594734957355549,-1.713945455646356,0.7863043699103243,0.6512966880516377,0.6971985794404127
0.3753558063794265,0.27028978448405266,-0.29528071592165595,0.9059304655857888,-1.148509133612393,-1.3344476501133797,-0.5387593377030754,-0.28035806577036204,-0.3140978833352708,1.734103697727247,0.70473884045552,0.42157288199224335,1.1634941892834298,1.4406798935778684,1.2508297087817717,-0.9189375883626768
-0.08418897292644113,-1.4995928705913104,-1.746678145328611,-0.7358302838460689,0.2683475149114398,-0.6572326780912775,-1.863796538232682,0.006523398678720076,1.3867922628911888,1.0578475476330094,0.7317183480097396,0.6821288536892552,0.47985671222375476,0.5471022385373306,-0.6636198853762312,-1.2371098044930509
0.8272350719089689,-0.6280227106522626,0.3333540898376987,1.1982556471270611,1.3688296492652885,0.9681191113676282,0.25828962814440326,0.14458561115152022,0.6497455510637227,-2.3387313790094235,0.13301073429930155,-0.9340241830798985,-0.3689479880954661,-0.724449554029259,0.7151825196375027,0.6565704701861507
-0.3563232491448658,0.16059244620332935,-0.1365119758334629,-0.3427461346090815,1.070866292027476,0.0957314525109313,-0.36266733995948003,0.022930513869836737,0.8555165317467314,-2.3535648858073084,-1.1107336685617466,-0.2144608944074404,-0.17639539558352327,0.8026377829190613,-0.7611110800814702,-0.7532692266412379
0.7857006189277097,-0.05526552361372008,0.2272689631740469,0.0927253536255814,1.2429475280028854,-0.26899309455580656,0.7901419964696128,0.5580883717430535,-1.3123320014083373,0.7195216754910599,-0.4361951146327844,-0.15217664946166987,-0.1684118825999485,0.3385349512422079,0.3203505797634635,0.709761896653628
-0.0004955222181093767,-1.026924644190298,-1.0117223435835236,-0.3632108002322155,0.34407687817460303,0.49916967169140775,-0.9306909255689878,2.109136677579466,0.6296688628608299,0.30750227919272094,0.7105829834794786,-1.3908497833791327,-1.0249278934586048,-0.7949913899897976,0.09922923857127663,-1.0524960156244623
0.6876022294421821,-0.41091483922496763,-3.0800311816549186,-0.23450818156761913,0.22607006460552248,0.5791851910467745,0.485399549729601,1.2681324144854729,1.2637239778146956,-0.37776176216782437,0.07662381562252173,-1.0427274149916739,0.15600461961271897,0.48217814697807176,0.06816147064788675,-1.2880274174651443
-0.3424971657721365,-0.127489735994221,0.093602036412257,-0.05540385143269065,0.3846027316283674,0.3629384196776613,0.8417050349550983,-0.845272179588236,-1.427549339562883,0.601084985580634,0.8532076921903159,-0.39716101186769387,1.1603030717618041,1.5183985327941325,0.09398634943331087,0.7256488424327823
-1.2732470614713831,0.7317043455538459,-1.1627797725325602,0.6754642993536997,1.1180287564552505,1.0587344352405816,-0.8182945619091313,2.0704510292341274,-1.149180067671513,2.021626133635734,-0.14826043568784147,-0.43153971871392766,0.16935835984683614,0.6113259946471911,0.44215582848369084,-1.6874195872468596
0.623175248830433,-1.125429982528995,-0.2537211317556421,0.4167853909994686,1.0099109610496173,-0.3390540602427679,-0.11370696502422879,1.182753235714379,-0.30771443370400553,0.22194294119370597,0.5498715086585361,-0.4917810094957994,-2.17568098344044,0.4745830686638461,-2.014985483846153,-0.620693177552221
0.19253432743409615,1.8435346810792024,-0.6895836968386666,0.20999360983439863,0.6725076964388036,-0.5761587853045634,-0.4825147276129578,0.8210918429939622,0.3975340401564156,0.5222037418680935,-0.34421986594897386,-1.0495028790762595,1.1230056797711303,1.8377069187628445,0.21980612015709677,2.392639234130952
1.7120075916502042,-0.38471062242566656,1.5322552912988658,0.22392415566378984,0.5296240505677717,-0.11276567316318468,-0.14679588079634853,-1.098810787680409,-0.9990297968996181,-1.1336168865879284,-0.496217583077866,1.7493620329001351,-0.6250319802215331,-0.03986826940115884,0.5347110833069905,-0.3911274938058724
1.5546011253168142,0.5050438739214569,-0.07634960249801394,0.1146759430442125,1.9962746921988914,0.6579397076883232,0.12580689826731534,-0.6140166752398308,0.6751376558943821,0.5739182631959713,0.7948225092162314,0.018995535765556338,-0.016958762050634117,-1.0266619288403376,0.3795952134599438,1.7360830787260997
-0.1372970323704212,0.12526289552420125,-0.22096746077189375,0.030122071340347844,-0.16239454666830092,-1.0127179561051252,-0.48857954272777016,0.5586465413946149,0.9025407145264861,-0.05253120391863272,0.40266454378003647,0.08736619994239958,0.004574171815633992,1.4787851791906226,0.08868288669375711,-0.7795541654254192
-0.9113631059885989,-0.4521348872003157,0.7676500280592017,-2.0537966727007015,-0.33121560075438095,-0.48885789481703823,-0.7348243259746794,0.38906933089620255,0.015533278779163084,-0.32214948020345585,-0.8382876569478199,-0.5035632451100612,-0.15129701345456556,-1.489215265179759,0.6317020606363286,1.4148498685218451
0.9123731785954202,-0.18203114659466899,-0.99526283472721,0.23435562725360795,1.068212047377201,0.47899382833882975,0.3965276585023227,0.6751339722152108,-1.341795412297429,0.5763339222085105,-1.7779917934504186,0.7540035345623908,-1.092448755441926,-1.1272910321607663,1.3826104046096945,0.5453898440733855
-1.5324009739217226,1.6132329807611152,0.25816809513769107,0.8696944169788677,-0.10304060621684788,0.21741672416052438,0.17938451513196127,0.34752697974994073,-2.32721189136431,-0.48230065946452166,0.1454150855240674,-0.3801353977519773,0.047460386330938735,1.5837209039250326,0.7104452173576753,0.5070770408442165
-0.17127393708123292,-0.022639353734910623,-0.6220909495744339,1.4481596625256954,0.06260207647019503,2.80818783053709,-1.110581417290311,1.7350654536868293,-0.6345101002529876,0.6309080184868596,1.5359852827157394,-0.9935395128414762,0.13513655387751689,1.4036109684113227,-1.2494987918092446,0.0841707253164864
-0.7273119442006717,-0.33122601554290765,0.22660010723443264,0.2166951767718133,1.423487071856462,-0.1468715929918265,-0.259765325853829,0.18684497488519727,1.3029437348204551,-0.5186933633364484,-1.272092900806397,-0.2988393675338871,-0.6144013947532344,-0.9020000138122091,3.2309217649900854,-0.057877614665930104
0.7181254131235932,-0.6157691019587817,0.16336817621287544,-0.7018561375218316,1.4963415219069072,1.1470218884575214,-0.21225527527506347,-1.125670743172352,-1.1047787776259528,-0.6474573526505057,1.013227975745241,-0.8239644616732913,-0.10566415533265781,-0.25270055892592996,1.2439118109665035,-0.872554028710326
0.9025346964479407,-1.7258822687665478,-0.05875015196547444,0.22400758794049852,0.137307546915508,1.4068659980378273,0.012905223097710994,-1.4049975251303768,-2.2157386004208703,-1.094365860635577,0.13572376522137192,1.4187371035398715,-0.8808926644980524,0.3573398650571595,-0.8496671274322651,-0.2621283416612143
1.5383383511539541,0.6206760642062035,-1.8040303461088754,-0.13031890272740096,-0.02780019271714051,-0.6839419502210359,-0.29565826972293213,0.22898548989633233,-2.1191641416681337,3.5129618869938013,0.36736929470625024,-0.40037606845375523,0.15650997117511486,-1.4022711918040554,1.2696432877510488,-0.5001198650684688
0.6678107699938043,0.7542482350576083,-1.1720819415258048,-1.406383924461376,-1.8430423632387776,1.381940906636787,-0.9373381990056762,-0.0876845874381688,0.8711956351177428,-0.38470521391299867,-2.063606674600269,0.13020476590719307,-1.9768715125551242,-0.30365396953827456,-1.1838456128671129,1.8693857704009627
1.6588183370033238,1.5427936125800623,-0.16341409031776202,-1.1110083909249628,0.7806554832388677,0.0806197290372847,-0.19664222770391598,0.3924245584199926,0.17039471323891117,-0.05224879528691611,0.7341017333262877,-0.4157344099735245,1.0934992668969992,-0.6616795957926495,0.43245897226486063,-0.6679156575892453
-0.3196778799670623,-1.0711333555431557,-0.018721123894344535,-1.4106921114538171,-0.2404775002993933,0.8052361510251081,-0.16735175225084392,0.45320919553459676,-2.145727282282444,1.011218651500028,0.047513821340665244,-0.0861520764811491,0.4808690911686022,0.5396279750401523,0.4295716661605728,-0.15870340810806438
-0.0021045546340026575,0.6300068816361116,-1.7953306295922986,-0.13872481020049063,-1.3963998063068572,0.09286806370776633,-0.39256514216718014,0.6294947784247613,-2.008558021682673,-1.1493554455023158,-0.28842245616546397,0.027518386831103598,0.745868330581619,0.24299366986157014,0.509618320385817,-2.094168461168021
-0.03177017639259387,-1.1426268056867543,0.2236732328970799,2.0468858427176615,-0.38178357768731197,0.3510855454851005,-0.5118676231608399,0.27889405248212434,1.2733539164901702,0.1555008942134887,-0.03120448739816883,-0.998629398660155,0.57395975323881,-0.9262738727626894,-0.5862051347602156,-0.6151120399953021
3.61813193397713,-1.0387751824541984,-0.40248524323196416,0.27443398553206666,-0.755369792824255,1.0240482388935819,0.3181507032698541,1.2727701833093963,-0.546223697140085,0.5214607752793353,1.9054247847538666,0.29900551294511263,0.8506527483087066,-0.5850095594077702,1.7733600825735347,-0.4236726478018392
0.8260534239622922,-0.11814286464162745,1.9259136641346581,-0.09291223148717202,-0.09783988387910446,0.9818717032470325,-0.48589569608498234,-0.426383166637826,0.45360257023769074,-0.4745678747191182,-1.3177765793083878,-0.9185455582276858,-1.5136835634219588,2.227622441577325,-0.8478052408087776,-0.06725386793769345
-0.28773369226495243,-0.26358116548293326,0.36816379263103083,0.5568244496309664,0.8959127731069567,-1.9363548294004853,-0.20648434313311873,-0.7962515952754639,-0.5549206848189977,1.0198188085499191,0.7142951103163684,0.2833294088519607,-0.7071565948740455,-0.7002562367796051,-1.373065999213328,0.716557389910058
0.4941973958974172,0.5373029117853275,2.3982669582704106,0.9249400731409791,-0.39194685259188555,1.3382438776064112,1.361110044898007,-1.3161925583229919,-0.3220350490728146,-0.09932175659655931,0.5489805176065113,-0.3149258799764788,0.43336483505703255,-1.0801199976051958,1.0836057532461132,-0.4525458466107817
0.512213494557055,0.7424373265658527,1.1606072013348834,-0.5982292406518283,-1.0032190426738083,0.8276712107218452,-1.9819422107814106,0.2766495863578592,-1.0680234361369967,-1.9583042115195992,-0.5161580565355587,0.5360633765266718,-1.0925056649092493,-0.9814240963382045,0.26287936709467913,-0.31070971197161185
-0.47996629601987073,-0.5337498283898006,0.6676845001242537,1.3687290658191158,0.014302504096282163,-1.2590524822739022,-0.18875352408720103,0.45943148867548816,-0.3658364572743173,-1.5415236943030668,0.0047361620919150966,-1.1000303158999245,0.5376605291113256,0.21699632938339186,-0.4170105293529103,0.34382363527817245
-1.2841518242355057,-0.48351460459251866,1.719489505760912,1.074595305921624,-0.4377251457442045,-1.617077958235011,-0.20661911209798958,-0.07515228238378573,-2.0116624416614255,-1.0862465692536016,-0.045456887978573675,2.45963505062438,0.41605547566493245,2.1722178023455783,1.0856479569929252,0.3738952847400105
-0.08419544872130003,-0.710950742098925,0.07766915630091638,1.0888273065806127,0.39432401553399254,0.3740485738879264,-1.5509531311244675,0.602443544819825,0.7600907234483423,-0.5875653103604151,-0.23750116024395743,0.9949115848430501,-0.4713801719911653,-0.08724485407109522,-0.8934660120246068,1.4170719727865964
0.889268187636136,0.23069157334545373,0.7766714460980357,0.8422279941459265,1.250127180083045,0.20185262863769304,0.6376952017870878,1.3135755413150223,-2.302286086049112,0.8067270163401958,1.1805532149380518,-0.9774089811482867,-1.0990792522762047,-2.0151314896016577,0.1829465631276121,-0.18153033861625092
-1.2151279137729025,0.28467854642886364,-0.9302732567268084,0.2277732699666915,0.13027443076285308,1.6771477071126921,-2.7047813863199908,-0.16866491221382524,-0.9269802407381498,0.48745578821949187,1.610137066391674,-0.5201765785780538,2.159263778035776,0.37647920959344827,-0.5287631390078935,0.780639669445658
-0.537257800941921,-0.8410497390807263,0.018487343283352758,-0.37055850999854756,-1.3826409201841834,0.4583995573904801,-0.9557284555348674,0.08314662523688356,-0.3914687397422517,1.280553340124145,0.3693883404191086,0.06311574720232006,-0.24498372386389092,-0.993773223758025,-0.31632170066403525,0.81160126567861
0.9266373684583177,0.06206624820944936,-1.886785324100589,3.8107204879925476,-1.235876008526204,0.438547966778033,-0.40856426467796436,1.177407533086021,0.7902503314229807,0.5233328715805065,0.36786447380868714,0.2269004333538577,0.12671788626565114,-1.7995188027642317,1.4335175055979714,-1.5811318347483438
-0.2146057679136435,0.7896223541696091,-1.0847213464521464,0.1513187345528382,-0.936833266183337,1.1844514185485184,-1.0248764569307223,-0.4640707352779412,1.9086539430060068,0.58128323078325,1.7114468633078623,-1.0158109422037402,0.6327715140361545,-0.8313858700562353,0.9016710240199135,-0.2599712629398992
-0.7587517838996529,-1.0363531351822088,-1.4814028579577836,0.5158036351999868,-1.2349966014272693,-0.9309433541422762,-0.340563381635555,0.6627446797334731,0.8123259563192812,0.6440737912359642,0.5727064967750048,-0.9566938902815095,0.8218438055683193,-0.5898032200760085,0.13156733964606093,1.095156199793502
-1.575571104591347,-0.7119254126027802,0.6846856614829363,0.8869286383228103,-0.07771828328260685,1.4223832731429216,0.16763000948208384,0.18499954222073361,-0.506609663185569,-0.10597223749536033,1.562376615738769,0.8231677349005669,1.8341383384761676,-0.631529562438982,-1.117705968132637,-0.9634564611989838
-1.7692502620922792,-0.07675036859394772,-1.7658275675369712,1.0225466120601574,-0.7660975326798493,-1.3638873324412548,-1.8224372979969452,-0.2880709962023885,-1.6403166568380028,0.7775699519159207,-0.6745392767327607,-2.414536946843819,1.3974664810787063,1.427788298094713,0.10334620413185507,-1.4620659917356507
1.2661846060432893,0.7973878396681849,0.6411521225577643,0.3498014784610903,-0.08904405672898073,0.7257963307927157,0.5714752122732875,0.23225887902160844,-0.9284985894343224,0.8228148405662317,-0.38482354045864364,1.5164348515849766,-1.2831985264163621,0.11406660158284682,-0.6517094145114748,0.6814847088166298
0.39923664022205135,-0.24687178524738057,0.9651892050801478,-2.0312646320096164,1.361380713871584,1.8967391960685127,0.13959737142980957,1.1022307752227924,-1.1531688668840945,0.33751172217360725,-0.24741460162425608,0.7767552950958311,-0.40000343733869853,-0.002097420891980897,-0.38348279130616286,-0.424236811268963
0.8296359202640082,0.5174695783307598,-0.4594388163912566,1.6580722770658995,-1.09822055204083,-1.6306227591571765,-1.5628018320639547,-1.6193683380724089,-0.909655419043169,0.9465413239257031,3.44592198899062,-0.2828138458269081,-1.3914664049031584,-0.31711531568851437,1.2758920689119213,-1.0241753127052737
0.6885403702043569,-0.913244946602328,0.44878618559262545,0.6611819521896457,1.3035466971891019,-0.0018149190129096145,-0.7382038655294523,1.0343940491148202,1.9493995025492135,-0.44990960230404875,0.010094704228812909,-0.5520051872077317,-0.6680537831414556,-0.3961063266753882,-0.6397355759354882,-1.1822685922974288
0.1399571296839682,0.5937955673951693,1.2980295515247506,0.5208929605400877,-0.36461616805899305,0.02805181915370702,0.3442515725716075,0.5315357472768489,0.7871441906578125,0.5306661714537227,0.2489874449709361,0.3870574591656749,-0.20929259877025624,0.3472415616370174,0.3087764917066219,0.7645131896703998
-0.6521223198806223,0.6786822377611643,0.025564389489416146,1.4419096992017937,1.0960589661955096,-1.0487079568262354,0.5214865202655725,-0.4045437497492472,2.140318186527715,0.7756275504002433,-0.5917716612796731,0.25820800745926437,3.1451388502156687,-0.0983350571412824,0.46976187486273796,0.7239435181769515
1.4470462077902815,0.3696555887784566,-1.167754026597169,-0.6667523103372519,0.6262476589848444,-1.6848301156653387,-1.8621299873682724,-0.6169167938583874,0.26464349792874764,-0.7723954033871877,-0.4544013219738104,-0.7501881382164036,1.0328318753134973,0.5314097163376277,-1.4115367326101096,1.2750558759598856
-0.917897015597836,-1.4939835209701255,1.9106523601229644,0.26812079716151566,0.017820185540206014,0.18102992317411057,0.7415605801919926,-0.7668385860416845,0.986331543022843,0.978899800016393,-0.5349715452587359,1.571559429418306,2.018306630265475,-1.484928245822142,-0.7105157588689304,-2.8586661562304108
0.4560384403054464,-3.26531293597449,-0.9752823142099024,1.7999848971246057,1.134505421204565,0.26111189292692205,-0.09001835577159062,0.41838889432172877,0.556566751035365,0.4249863535932943,-0.15754134234278838,0.6057623355338708,0.406236187436059,-1.8538749235440013,2.050693676460795,-0.9758298227992318
-0.8170541563832677,-0.004837168266116515,-1.5081659272537562,-1.217492502933815,1.7186483355015933,0.7530471731273597,0.5673714495062882,0.647879404579624,0.08481665300774381,-0.6036192405912257,2.00827295177281,0.0417076572730578,-0.3680501619005236,0.43505746284529234,-2.0564164765596216,-1.2135480505196514
-0.4910639757765437,0.01725891949117474,0.4143326235855135,-0.6365559079360698,-0.9135631494833407,-1.3951198401751101,-2.335862477429541,-0.809445302059238,-0.31666776137438174,-0.0009521071712586086,-0.7394903803782503,-1.9807386417433783,0.11825828626716876,0.41162779700330393,0.6228498900094109,-0.027919549123561413
-0.27168978316082737,-0.47764038376204254,0.3061421909527442,1.3863232522320574,0.4786242414077861,-1.249807167485317,0.8849001778351735,-0.08809507976992195,-0.363697143225478,-1.634669825624604,0.3539469267211843,-0.898258118198918,-1.005079481499134,1.3166647717669466,1.2635218519595297,-1.5977399815053814
1.3414643237709485,0.33690085786296753,-0.3189446738347433,-1.2895057680703885,0.3363477589612695,-0.43635140404312167,0.3815634887684589,0.31065164346541513,-0.08932375521212274,1.5950214692778375,0.8399923334923742,0.5557947081972416,0.5344831371633003,0.40519130489796423,-1.324522192337443,-0.8541876076983083
-0.9244222402599933,1.8058376922149775,-0.5819691834984455,-1.7048327900454237,-0.29123594157833543,0.30882334250979615,1.9151817224278893,1.4579416943366152,-1.2699718393089368,-1.009909322243435,0.18467998934638055,-1.1040512118606511,-0.9871466200612038,-1.4435754491322002,0.8492872154237834,-1.015096705083975
-0.15247729991419115,0.8650950683107922,0.6318438608847727,0.940267366148304,-0.07821689239550006,1.8440067290092272,-0.6114345934340476,-0.30044715135641276,-0.5134895130922327,0.34724391805075777,1.747840523922978,0.6263661040006677,0.1792025994208432,0.7299288085350616,-0.5794780245707806,2.738936138301295
0.20020080270344748,0.2561924008711447,-1.148829020775676,-1.1176603979736055,0.9549320411155625,-1.3485518672424783,0.31156245128210885,1.6475654326989915,0.5346307986169699,-0.31661746883413683,-0.7932574885192133,1.0491159132891779,-0.3598982558762902,0.18423277742280889,-0.7829199111217937,-0.4659802742608454
-0.3622617266561574,0.2009096830242403,-0.06614921746255628,-0.14614140461117006,-1.0124247515322786,0.3404509471236126,1.0716714587532488,1.0721273978231565,1.0564488062148711,1.0422492985473988,-0.7697989384140511,0.16322552521920036,-1.462631748416575,1.03954996888568,-0.09595086797954494,0.25885137312863804
-0.1766615130592309,1.1060603545542778,0.8761878378685877,1.8803673091138013,-3.0162738502169097,-1.7619723245061991,-0.5037134399571299,1.0422556764651592,1.292242360569117,-0.08651962851160049,-0.34486374151756116,-1.4110844689661957,-1.0540637953064171,-1.361491579537824,-0.24383542517701937,-0.5665786035504874
0.8783914157099962,-0.8658415564431012,-1.8585593251880677,0.4995311373175541,-0.27899267123957716,-0.059864083414034965,-0.9689141251230485,-0.04007707609330457,1.802224511006345,-0.8781117914347194,-0.11860546664823961,-0.6665455579297357,2.206271707946726,-1.6608210558690695,0.7808952084591163,1.8439624024414096
-0.012233823900121435,-0.3726376016902567,0.32205922401224374,-0.2889281470999076,0.2630128065931949,-0.6529936575386405,-0.6894657720945543,1.0452420465746814,1.7320770434127228,-0.3233005899868462,1.6124500184492103,0.2406988309081617,0.07614180015861291,-0.9816845287679785,-0.6790695381597625,-0.969355241816814
-0.9637430005625744,0.21478036626469207,-0.3645268214439686,0.7664748324389621,1.290968797463837,-0.48240423762410656,-1.1766585657652113,0.5296830773377444,0.4908185735108797,-0.9835510829076737,2.0274911431114004,0.5805369178034453,0.8095470553491747,0.33836417521183026,1.3320771032286531,0.9673334376465539
0.04997615839816377,1.9238917143073646,0.7645195235917703,1.569033792556619,0.3260055903333318,-0.4367093836110846,-1.995630560216993,0.07513993132908696,0.6677645569329624,-0.5416295476308793,0.42157920427604434,0.032294318922095715,0.9509980550965973,-0.5401170484061173,0.3441477631296957,-1.8600425796860673
0.7565360215502509,0.3886737262855234,-1.5821310710907963,-0.37634650568106803,1.50409524018958,1.2560553681208049,2.0994351709373515,-1.5534128512782217,1.2538127893755724,-0.3302874349026151,0.9548498313766202,0.29886527443435773,0.14414234219171498,0.7027387114871045,0.5603631844460998,-1.041019455401164
0.5239473121590417,-1.7552127254791887,0.38157006895909057,0.2605588702683179,1.973721795531826,-0.30481497096915805,-2.765384654473835,0.38671739534864485,-0.3216231354328153,-0.7239745665589048,1.9742840226383789,2.0459883736448474,0.8074763694712472,1.2727368332919358,0.3804716301380241,1.114152411304281
-0.602453621239394,-1.4687110862067259,-0.9877380209739346,-0.3782551384785801,0.17868868057458578,2.243797180036257,0.9152398535917503,-0.7172057542158209,0.34731567855150874,-0.6586243912298184,0.804531091728736,0.5676204304665161,-1.421851046251523,0.10491273806242153,-1.0690804716848235,-0.2898186265595918
-0.09114833911967628,0.22394475241189926,-0.19939831671472003,0.7908053695540099,1.6371805754164583,-0.057591454215298585,-1.1322245727336109,-0.04532499898702914,0.1639536249262862,0.0625044675243698,-0.08213159843589449,-0.0519024341700423,0.019510897461114295,-0.3819205767924237,-0.3252984830724029,-0.9858266194699498
-0.855354782409897,-0.32163900625473496,-0.2170117057150333,1.2790281334811,-0.2128928067018432,-0.8597734315714386,-0.6729520427398606,-2.9450545638439274,0.2543880755674154,0.330764252937173,-1.3644966413127326,0.23855202346263693,-0.6145887146748099,-0.6941286099620925,0.07066788346864819,-1.0487164803153626
-0.6188725271734807,0.9050616856089931,-0.35395542705102656,0.6831386559758315,0.5146896129921056,-1.657382611545761,-1.0359591303092996,1.7690621221538085,-0.8036600110831464,0.4598917345933483,-0.8532458505207722,0.6077975866555491,-1.0129878822354963,0.5584333332898029,-1.1690764485816991,-0.02202059705004999
0.14028257375380623,-1.3835242606018336,0.12806940707418576,-0.35927511033446125,0.2447916461876733,-0.9777898372168071,1.039300563260414,-0.8845494031687078,1.5317210906097554,0.14104729647733577,-0.7380609930987789,1.7638249463318654,0.1748510993618624,1.4959394989755201,0.381488305881363,-0.01523953699762649
0.29899892910363335,-1.483606286286954,-0.580526296959037,-0.8621292829582113,-0.9450228076037018,-0.5182436671947146,-0.017926140020607852,0.4169496106346521,0.7752326302605511,-1.4511858627020684,0.7891757439093265,-0.44932163156606114,1.0227381821420174,1.8511095434611073,-0.42383079088491693,-0.36290241596725614
-0.00157299375625123,0.5526760127535765,-0.5313327856224839,1.519572381356105,0.09986943267407357,-1.093965715347966,-0.47505260682041583,0.8020861969827986,0.2311215508557522,0.2547320396117366,0.2664599166447237,-0.8054818215160554,0.22413951715393676,-1.1277393534483855,-1.046883749880338,-1.570183038668036
0.6594857706902918,-1.0808785185604468,-0.4919552820023611,0.8699910891398691,-2.0217087417380677,1.5823726514078746,-0.6486568955321124,-0.24455360491179784,-0.4745800203782951,0.3057548908463457,0.2704328433066276,-0.03521072207257396,1.2957599691422836,0.418549211772963,-0.8259253450145881,0.38935860862501726
-0.6519975184953362,-1.0605883482004457,-0.2666687289752508,-0.3804805860984173,0.6248271758664922,0.617342589339739,2.1143999422886166,-0.2943765287699264,-0.29695037913969785,0.2817461282598834,0.7557361023083544,1.5772728137602845,-1.8603340041323073,-0.6995550469597059,-0.8938233898041068,0.5667611425948884
1.1179134084486448,0.3290507806445112,-0.7462996527092643,-0.09364691209245445,0.8965672706168261,-1.4614461415751934,-0.9079933782921578,-1.5115252149735299,0.35840309034808066,-1.0312188668973556,-0.16182950243690594,-0.6844293536582845,1.6874265876377967,-0.9618335379628938,2.1107823830939725,0.28616195466662914
-1.5008784014039722,0.7238202786898013,0.01532936170495282,-2.599517885116669,1.6322553059331069,0.09263455770768464,1.2298999953266436,-1.4994490913481933,-0.35835726819220215,-0.7745271365435565,0.5662762686591511,0.25319089433268077,-0.8802061073720321,0.5547708612429412,-1.261964436380856,1.320924745643062
-2.023057636109388,1.1715757144706611,0.2610897859693018,-0.46272350843515037,0.535721716508311,0.4706940930977593,0.6794950698254159,-1.3008013270435148,-0.9440746367563321,-0.2626474397543863,-0.3548073088835657,1.0341507526656815,1.5107384216780317,0.2935956270596546,-0.16455348660005648,-0.49954598133237044
-1.0412985020894832,0.3638089944851522,-1.214332890109782,-0.8131879824627936,0.21918285070725022,-0.19617937665023183,1.4543454448833417,-1.9386269586711915,2.2182792806662244,-1.4687523600978292,-0.015201229828157465,0.22089805543608346,0.6982090092486966,-0.5952776223433169,0.31890445635451325,-2.171517247393111
0.4223082211687337,-0.10785513756340365,0.41667560682348337,0.3020930931934524,-0.060244710604151326,-0.2512154838506705,-0.9626640746035997,0.8292820210437848,1.28851994070584,-0.6687886578102451,2.252176869656599,0.19045197487624596,0.5060428575369369,-0.13976763996167418,-0.4299351025061143,-3.067511065777639
1.609444922765504,-1.6925949675363605,-1.162469072107373,-0.39737566202838254,1.7545336825783002,0.043918717971243644,0.6703211644764934,0.48710660120386734,-0.48590693649047345,-1.1528429959382671,0.5887351498233746,1.0551874775111494,1.5238908578715682,-0.5082845984992963,-1.1560283759022107,0.1345441267920771
0.005627777022580698,-1.675208807559698,1.043264469891448,-0.9684911065300853,-0.4926212222600607,-0.8957800387695499,0.8197085299244754,2.425263386262342,-0.3227376020651016,0.7582761198104342,0.5151079743195869,-0.0642844448105026,2.3929936416696043,-0.6946267350797809,-0.5086250939615605,-2.538464340347339
0.24459450828870746,0.4882542086485039,0.13509161432192268,0.2328528247704855,0.5098038514905575,-0.31547347565844236,0.45958204107355577,0.3059726751174157,-1.8040698520665557,-0.8897783373445372,-0.0010122794585015586,-1.0493633029344138,0.2855319956280573,1.1778777794956066,0.17541933784328925,-1.5572814921106042
-0.6903785060605425,-0.20315196951657402,0.4541126783116315,0.4938410852800562,-0.3956152781466299,-0.7112094928114083,0.531720336764791,-0.3763229333877088,-0.5168666989294193,-0.815751745470859,0.8051144455129944,0.9577573243342454,-1.1543186011041358,0.33328210515109397,-0.7652908016077355,0.37154304230907037
-0.8530356714234067,-1.7657736956142733,0.31720928144845834,-0.7559603998775063,-1.4594449720213556,0.41490957252032407,-1.0746286350849161,-0.623507371448311,-1.5526441191247107,-1.8733976324032473,1.4201039443102186,-0.21508459594056217,-0.7194026901037872,-0.4132065313469368,1.3025261070431897,-0.018336130404836535
-0.8847158694900212,-1.3300200535469482,-0.40264807892220156,-0.15585641071134065,1.4393770564047053,-1.6636687822674283,0.23689687531480613,0.07732022543147998,-0.5939674059479982,-0.1830701538234654,1.3180876529397338,-0.19446186955308828,1.6310014149929017,3.396887630630878,-0.2121463792110757,-0.8324205805429957
-1.5865455782025206,0.21495042015331314,-0.20165047068377515,0.6782308462670793,-1.9950589430533716,1.4851872493526752,0.6944966502808853,0.44408793092945387,-0.38189004612537736,0.5642133954648291,-0.30486527442652384,1.0005413384014852,-0.11169988749589307,1.4789624996962218,-0.4528863551661466,-0.5491387355113757
-0.20145210858491067,0.019216364229720673,-0.5497311480092453,1.720492938383839,-1.1029027677514796,1.0813174465488573,1.091370619886459,-0.584874097513067,0.7585358724579284,-0.03486904397006229,-1.4610525952733873,1.0594637520702235,0.18103844383688872,-0.3106630199056237,-0.52970673972999,0.14197851866711628
0.595899309823981,-0.3099644906903097,0.8472577166109578,1.1428923991947915,1.4908249346336147,0.5416307488388711,0.17530473964389023,-0.8522760904428336,-0.47371953669174655,0.1773255453229838,-1.5410747505269142,0.8799420290162074,-0.6850728831131762,-1.0821381604596993,-1.606239055684622,-0.36921391864617037
-1.4885830184324516,-1.8520192011773695,-2.1697128142435878,-0.20974901712593955,0.7877797113517896,1.3422721674141258,0.43728009146512137,0.22211600146322136,0.5375015466590642,0.25569894367882817,0.1330609129141108,-0.06696518085943762,0.2993100735220397,-1.8080747368372334,-1.260901883431659,1.122365699019523
-0.9371729689654618,-0.2938160426298886,1.3084060836646005,0.25394336659817573,1.029941404931884,-1.8219602436260682,-2.198272770131569,-0.05935053740033166,-1.2347319153747844,-0.2846289298948774,-0.21238410138621033,0.633345698694322,1.6173882174767107,-0.8333664152035521,-0.3661218456393005,-0.4971770215255386
0.16059605953925832,-0.12340097845317172,-1.0591989875651397,-2.0482016369641842,-0.6490109849745018,0.09441036970263388,0.5560599902073237,-0.9211751844281122,-0.26320019622007673,0.3021267527185234,0.4903784675537612,-0.8034243743097857,0.1878465319322842,0.8095795451267886,0.45447193201597785,-0.5839943344986165
0.8337190191951157,-0.9714848099698151,0.11513317566604588,0.9154020843894709,-0.015750523217458828,1.6969422889309116,-0.4119988587161425,-0.182482341761073,-0.12671824005935584,-0.6835251523080056,-1.7835430467410491,0.14510790253500774,0.07676149897830606,0.6324929287050024,0.11951050391385067,2.497948592225416
-0.38430233142820175,1.9326621669178603,-0.853642482442387,1.0629312013744332,0.5252098223072852,2.4948509647218753,0.04046631504073437,0.060598089874129735,0.4042635897121515,-1.1469749065486317,-0.595953815749502,-0.06127551146384173,-0.9642664051615939,0.592372598667496,-0.05521906728251515,-2.180735716432588
-0.19162504783357381,-1.018418570262171,2.171924788813745,0.18408075426228304,0.36138861512877557,0.4458108636638189,-0.33551268815992996,-0.2680913868959627,-1.5421151136295106,-0.26907453782866064,0.9472633642325721,0.7788306342231168,0.1606925185839749,1.9204325479455213,0.6042019000406518,-0.05822548797736385
-0.9123209408194594,1.3306825767706318,-0.6055203776451401,-1.4640919992720496,0.9894369349098934,0.2877036650659408,0.9450973672884787,0.21624428869983428,-0.1613846741354605,0.417824203726501,1.2836779948662416,-0.06439282377726198,-0.22052991524892027,0.37247119299397824,-0.5699620407261063,1.0638105165800174
-0.0372015816417319,-1.0726236609950757,0.8561525700189048,0.6376362026478497,-0.7278944615065976,-0.5377573888585869,0.4485111874908865,-1.782884188358286,-0.17656860107238298,-1.4086782480254723,-0.7216132289993092,0.19155814502350094,-0.35602796094363237,0.6581800134480358,-0.7622651258345162,0.13092736910675007
-0.9616263232216739,0.7991735968872341,0.1792323922612294,-0.9229362392770813,1.4096489865036765,1.317011063115963,0.5620722221462979,0.9609564841052647,0.5352340896286305,0.7550117896456768,-1.5695222909275088,0.6276379914976452,0.4495218771081954,1.3437113656647417,-0.5922584775285894,-0.3115115730723646
1.8251997407728358,0.9206482599287334,-0.6189497316779088,-0.2239292937113199,-1.7203514550413541,-0.6819835912072633,-0.9031623330334922,0.0861193623563456,0.6880585179630284,1.012884877885417,0.13417956872712844,-0.21083227854887915,-0.48383145038690184,-2.777056192751301,0.6290647004811741,-0.15675806282305707
-1.1166627608522832,-0.7176979475550571,-0.13365358680083184,0.8181731635831149,-0.7870957937372309,1.45440720430464,-0.22266831240724155,0.10171823487315565,0.41417531760704906,0.595329199174311,-1.113882521390904,0.6190141643669543,-0.7349628657497534,1.3850626749682782,0.6628737697876822,0.893889867910661
1.1256646550215956,-0.5355275781168817,0.476018537809143,0.5693229421494181,0.913476103142306,0.5221113741742339,-0.7498849499449458,-1.491358368071623,-1.4416361420047639,-0.3480816498126102,0.6466182882072617,-0.7394915327730684,0.11606955790811267,0.3543411200611463,1.1146238944476523,0.6254379408815398
0.41760145141668076,-0.14983684920200954,0.7577299227899308,0.7194451209675906,0.9540528632533314,0.3868030414557204,-0.30913264663152973,-0.4421503413001742,0.27709991400428685,-1.040195259346838,-0.34907442637096253,-0.44699005172332346,1.4352099660028594,-0.3437672280757101,-0.11937360418842315,-1.578708418078136
-1.1110558001312278,-0.6975582053967655,-0.22431120082197523,-0.5927953424482808,1.0151777961625896,0.5407991724113238,-1.01268391142796,-0.1755930015120851,1.3946453995506367,0.004332943170167596,-1.5016077440076971,0.6887634499182294,0.7682899074824763,0.35684948274773204,-0.299411973730035,-0.26596167768542067
-0.07970024195038922,-1.576744754190831,-0.9374293925668018,-1.526354175509316,-0.8119699835874459,1.1511305727718875,-0.7049956010232888,1.0618171512139116,0.27770159383808246,0.031128419167365723,-1.3031660849056554,-0.5454624965042518,0.08428974378646024,-0.09377809569982964,-0.7044409270442391,1.0898050663577041
1.503010669061583,-0.9946768081450834,-0.4037762822576162,0.5466365023638745,0.23749414224237936,-0.757391778241295,0.36129547574933524,-1.0259046428868448,-0.7127930881947406,-0.3873839967944224,1.1138228128175758,2.131098886033004,1.0003184270529943,0.7203600665687887,-1.4017482350255606,-0.06955431715297777
-1.7027632342951762,-0.8665717520406958,-0.6436797618874552,-0.7401193887372439,-0.5178218651472019,-0.40121806495176326,-1.2223648914990006,0.4666104332780596,0.9187904123131856,-0.7976812995331153,-1.2089408562422608,-0.28105642427198824,0.11399209981172777,-0.6692699918377568,-1.0441588466227485,0.9218431527332914
-0.694543240018891,2.458026588855536,0.5377939736883126,-0.5094167171216015,-1.0416186941520211,-0.2609499510920461,-1.1378235884329044,0.14479370876516848,1.6497915151500617,0.45399125031200815,0.7237166482633963,-0.49227889138355585,0.4309253034247716,0.38138167923351457,0.09070297423407958,0.03884024204230189
0.4817042222081568,-0.0860711693443446,0.483789244810853,-0.9019283875623149,-1.6573530149565574,1.4966466007243175,-0.6867605309191576,0.5939589252970818,0.28763079385385243,0.5630991806852756,-1.5052884937598399,-0.24739837098430875,0.7073003308433278,1.2270185450196143,-0.967459814569013,0.4901192381422217
0.2756329164387445,1.3690943971930694,0.35134504643466374,0.20351530383173588,-1.170202013211922,0.9750283486619392,0.6580902326102767,0.461649816311601,-1.1079446806296969,-0.3999332271123589,0.2711561731536704,0.6605427302255105,-1.6140887391171888,-1.1791193706374625,0.15255708154089098,0.1483276555430195
1.2340757963096132,0.6870104120901457,-0.007184710383701431,-0.43714267048879213,1.9792950125574262,0.23957963455720077,-0.011504770535632841,-1.1371474798618868,0.40961546913249014,0.7931193306049508,-0.3121691989121627,0.6640160306784552,-1.5547982483778207,-0.26879421606568943,1.2131578841646469,-0.1845250831164367
-0.3211017542876262,-1.164495988618346,0.11520016339272628,-1.4834644956597227,-1.2965355657779927,1.5388876678298402,0.42161153614648195,0.7076689730370075,-1.7139023344197761,-0.5904797981719884,-1.0286310742565095,0.3722623271371914,-1.2703281417830987,-0.9188623570783894,0.05738221791282644,-1.3176225950621754
-0.11616696259449047,1.112011487662564,-1.9223583792410293,-0.6172407087074522,0.14153121506927271,0.3233589033541782,0.1569206225211485,1.482951714593816,0.24172048158457654,-0.2895210126628769,-2.2032306381377924,0.6909548875604269,-0.659892474830174,2.1202119413509837,-0.13937255958464909,-1.525159642178179
1.3959647249713183,1.661063239792416,1.9397783958186507,-1.1092710411889248,0.667103241979422,0.7153112308935085,0.275823862394391,-1.3374826829142163,-1.496295373423434,-1.4657716419449933,1.125379468164112,-0.46279074755752975,0.9389265772191268,1.18934369913615,1.1653374460471877,-0.652940009992929
-0.5690850389610898,-0.16976492276860694,0.07429329481210352,1.8965875134068169,1.350235161093782,-0.7822493691306235,-0.9339384380412787,-0.16926633977698424,0.6819117328352488,-0.7168169639532955,0.9380875881655016,-0.5348970568400041,-1.8165411200435249,-0.30734413967778623,-0.4441261497101031,1.5642226581677947
-0.14885408525872215,-0.4847123108623122,0.10537069961378534,-0.7219041943165263,-0.6667816307537384,-1.1095951938809643,-1.0810369924765133,-0.03972686670796442,1.480906361252795,1.1053353136352246,0.9153023544579898,0.7175794538022431,0.44009643271915844,-1.1352344346168317,2.3842509707900863,-1.888065814449756
-0.06903478563053593,0.025151969406767383,0.059341336926177365,-1.6349595790419795,3.298184760599266,-1.6886883169842677,-1.1501609638074641,-1.645475102307985,-0.6090398247863194,-0.20190283763035052,0.059001657250956824,-0.14336283744027714,-0.4194314054567491,-0.5362187035031513,0.38307967656905234,0.6553578287476984
0.7290645466171372,-0.9552608033644161,2.2797695454526705,1.304564513959052,0.18434288207876912,-1.117012459013605,1.5983126494255575,0.16199317398409893,1.7073722502790405,0.6947330894830437,-0.6333755520460368,-0.663854950094345,1.670812076468875,-0.846459689100518,0.06975081323593514,0.1457200621804017
-0.43064826223109254,-0.5454173094642822,-0.3951371933082553,0.2471813015336733,1.8761856118561688,1.0467218836690582,-0.37863842444051193,-0.8009081052537319,-1.387837990314916,0.6148453397604765,-1.3988976086580116,1.7187241640632847,-0.25851760418463143,1.0365006452923913,0.3638803892816377,-0.6440062707825538
-1.5499800472782754,-0.6593198344375382,0.24292958126417663,1.58520382722157,-0.603941808960606,1.9139418855755916,0.33993355294279953,-0.8257678990153501,-0.7070516581743962,-0.27391765556984016,0.8907640831203659,0.2077758565849498,-0.5300364077082572,0.9463351075777334,0.24215661254094775,-0.3946698012840124
0.08974270972113603,-0.4697659521493792,0.7115308252192685,1.4706588422968623,-0.18547297834754142,-0.6153072042574143,1.1071299580306235,0.5254119699853278,-1.3897008243115396,1.1017371746349438,-0.2524976983304402,1.6208021400317025,-1.6053329577877389,0.6121374632226826,1.1907598696478559,0.3637973677906385
0.3223912355785462,0.6860404210589001,0.6771004393635102,0.10289436200622863,0.18390987405230275,-0.2805913162232154,1.1955011973903016,-0.038736497957851834,0.0683384343068759,0.9435423813012916,0.9399859434924278,1.1415217460569902,-0.317285365855998,2.2228918937462097,-1.1528439675380215,0.9286871780977739
0.035716503472039036,-0.5709182061764684,0.32403103288165414,-0.2712315326792499,0.22747561332173674,2.037299565354937,0.9109648234416406,0.9768118142991773,0.9817193738803724,-0.7409535420090879,-0.513626813414391,0.5556609787310469,2.261921662964838,0.2893029333169888,-0.9155576755327676,1.936855883435427
1.7113621037731386,-0.48809071367572016,-1.2107509400165213,-1.6470520638370953,1.1959336911317846,0.7559834592110252,0.6971743458900813,1.1640475558277925,0.21792879080355781,0.3423883096089615,1.0273757239845611,1.0185684479196901,-0.9424380287330427,0.16076422225582981,-0.6974178404675971,1.4347310025506435
-0.9672938270403821,-0.7529345253870454,1.3932669156456687,0.09400574947814701,0.5910305518176964,0.49326589630564815,-0.6013189600731804,-2.6435389633367663,0.12579607564303627,1.1439619843953155,-1.5188185424264604,1.1321290826944175,0.41154082450089047,-0.7173212709420675,-0.697601723260945,-1.0372808002226095
0.46484427794013666,-0.667477962347325,-0.9330021658652037,-0.3339222685405466,-1.6158037678068564,-0.8230020364744636,-0.2899948284362706,0.6043469469107834,1.1262426217477146,0.890923192829737,0.3807754036020346,-0.2938719437192055,-0.01845008823980982,0.001044964391274702,-0.08250527154654969,0.6657021186251232
-0.43238492104515647,0.07580828523605196,-2.521281730236132,-0.3987874946842605,0.24633559298678478,-0.8631050331132151,2.44162087609551,0.0807569837323625,0.5069343359317972,-1.2407638484405632,1.0562305589675098,0.1885132802334727,0.9713484750773862,-0.2891926637845373,-0.13792526696960622,-0.9525554447037289
-1.3519456932499359,-0.9922047730371047,-0.5816201860567518,0.19264228000210445,-1.5893035785178595,0.22362919487905353,0.5074933232425682,-0.024468229957134748,-0.432390166529232,0.7850129912348435,1.5671384785211715,1.5096455617790723,0.5982423150337414,0.5348816590435551,-0.4901152201323174,-0.8090643109892709
-0.1950253107274715,-0.6735850987699743,-0.21983161024002898,-0.8131074885801219,-0.09090610365821462,-1.6685038140885948,0.22849415927771263,1.215693510831142,0.19806892693005226,-0.0012359896341069584,-0.5026387743453833,0.4727530265874529,1.1904964304498222,1.2142467238136465,-1.8847427593380612,0.22233910324075118
-1.458867568211353,-0.8135200357849902,-0.02682783126688792,-0.12895481248366042,-0.23750076568509146,2.2636015124525986,1.4719850875894989,-0.9023365727676437,-0.736464263394357,0.07382087473858759,-0.32327672943390057,0.6206238602578774,-0.95414584421253,-1.093717184941788,1.0673097791627268,-1.5641111845679037
0.5646255350714203,0.5177367046522375,1.8636468825531454,-0.777625453097558,-1.2252781350326942,0.29286292120385304,-0.905838040832238,0.7400167710726431,-0.25790719607575835,-0.22163929020579878,-1.1363681596216069,0.0536236030435578,-1.091184229532424,-1.3073976926141655,-2.39831405065744,0.7255695373682877
1.244281634270645,-0.21777357245487902,0.29265635628912273,0.2732435079922139,-1.5601119843273372,0.24291195729426535,-1.3112330500340579,-0.7105224320027623,0.1451868828964637,-1.2247790086090464,0.23670775976803582,-1.0464262087299387,-0.1426776106476398,-0.26721774914499247,0.47785386207342273,0.057954852189343826
1.1612005994030647,-0.5019279973820036,-0.7770799510826762,-0.3855648539992811,0.8042930526531836,-0.6355007878161518,1.021146012705808,-1.9620883118183656,-0.6160680536254701,-0.7570438957593825,-1.3755262789428129,0.94744224880655,-0.7788275947834213,-0.35242771727497524,1.2329914187420425,2.2504292546613582
0.27004962852816317,0.8946064169639841,1.0894179447158536,1.3530880530265987,0.8266525150814866,0.4553966361221061,1.0560958728159764,1.1145925995632786,0.6494004595359918,0.6809724009809031,-0.47808256892490697,-0.19283653680067273,1.5677544524223825,-0.5881163445396128,-0.3011885323322325,-0.02848771881945265
